ID,Item title,Final URL,Image URL,Item subtitle,Item category,Price,Contextual keywords,Item address
63530,ŠKODA OCTAVIA COMBI,https://sklep.skoda-auto.pl/skoda-octavia-combi-1-5-tsi-110-kw-150-km-6-biegowa-manualna-czern-magic-metalizowany-tmbjr7nx9ny014805.html,https://sklep.skoda-auto.pl/media/catalog/product/cache/779e34063ea37c481ddb6652b1f2b61e/8/c/8c7a4b8de3a1ff28b2b7f0a6a6c70e76-TMBJR7NX9NY014805-EF.png,OCTAVIA COMBI AMBITION  Manualna  1.5 TSI 150 KM,Pojazdy i części,111500 PLN,OCTAVIA COMBI SAMOCHÓD SKODA,Modlińska 224 Warszawa 03-119
63103,ŠKODA OCTAVIA COMBI,https://sklep.skoda-auto.pl/skoda-octavia-combi-1-5-tsi-110-kw-150-km-6-biegowa-manualna-szary-quarz-metalizowany-tmbjr7nx0my192438.html,https://sklep.skoda-auto.pl/media/catalog/product/cache/779e34063ea37c481ddb6652b1f2b61e/3/5/35069b6c3c8aadf257fcbf794ad5a16b-TMBJR7NX0MY192438-EF.png,OCTAVIA COMBI STYLE  Manualna  1.5 TSI 150 KM,Pojazdy i części,117000 PLN,OCTAVIA COMBI SAMOCHÓD SKODA,Modlińska 224 Warszawa 03-119
58304,ŠKODA OCTAVIA COMBI,https://sklep.skoda-auto.pl/skoda-octavia-combi-1-5-tsi-110-kw-150-km-6-biegowa-manualna-blekit-race-metalizowany-tmbjr7nxxmy103085.html,https://sklep.skoda-auto.pl/media/catalog/product/cache/779e34063ea37c481ddb6652b1f2b61e/f/9/f9bc501182ebdfe5107e72851ae2652e-TMBJR7NXXMY103085-EF.png,OCTAVIA COMBI STYLE  Manualna  1.5 TSI 150 KM,Pojazdy i części,117800 PLN,OCTAVIA COMBI SAMOCHÓD SKODA,Armii Krajowej 46 Wrocław 50-541
61780,ŠKODA OCTAVIA COMBI,https://sklep.skoda-auto.pl/skoda-octavia-combi-1-5-tsi-110-kw-150-km-6-biegowa-manualna-szary-quarz-metalizowany-tmbjr7nx8my143360.html,https://sklep.skoda-auto.pl/media/catalog/product/cache/779e34063ea37c481ddb6652b1f2b61e/e/8/e85dbd9c30bf8fc8129c826a063a021f-TMBJR7NX8MY143360-EF.png,OCTAVIA COMBI STYLE  Manualna  1.5 TSI 150 KM,Pojazdy i części,120700 PLN,OCTAVIA COMBI SAMOCHÓD SKODA,Unii Lubelskiej 5 Poznań 61-249
61579,ŠKODA OCTAVIA COMBI,https://sklep.skoda-auto.pl/skoda-octavia-combi-1-5-tsi-110-kw-150-km-6-biegowa-manualna-blekit-titan-metalizowany-tmbjr7nx0my142039.html,https://sklep.skoda-auto.pl/media/catalog/product/cache/779e34063ea37c481ddb6652b1f2b61e/2/1/21e30b3dc5abb9a175afd182cd188229-TMBJR7NX0MY142039-EF.png,OCTAVIA COMBI STYLE  Manualna  1.5 TSI 150 KM,Pojazdy i części,120700 PLN,OCTAVIA COMBI SAMOCHÓD SKODA,Unii Lubelskiej 5 Poznań 61-249
62353,ŠKODA OCTAVIA COMBI,https://sklep.skoda-auto.pl/skoda-octavia-combi-1-5-tsi-110-kw-150-km-6-biegowa-manualna-blekit-lava-metalizowany-tmbjr7nx0my151260.html,https://sklep.skoda-auto.pl/media/catalog/product/cache/779e34063ea37c481ddb6652b1f2b61e/4/7/479181c5e9843a104b0e2f662ac2ed71-TMBJR7NX0MY151260-EF.png,OCTAVIA COMBI STYLE  Manualna  1.5 TSI 150 KM,Pojazdy i części,120700 PLN,OCTAVIA COMBI SAMOCHÓD SKODA,Unii Lubelskiej 5 Poznań 61-249
61781,ŠKODA OCTAVIA COMBI,https://sklep.skoda-auto.pl/skoda-octavia-combi-1-5-tsi-110-kw-150-km-6-biegowa-manualna-blekit-lava-metalizowany-tmbjr7nxxmy143232.html,https://sklep.skoda-auto.pl/media/catalog/product/cache/779e34063ea37c481ddb6652b1f2b61e/4/7/479181c5e9843a104b0e2f662ac2ed71-TMBJR7NXXMY143232-EF.png,OCTAVIA COMBI STYLE  Manualna  1.5 TSI 150 KM,Pojazdy i części,120700 PLN,OCTAVIA COMBI SAMOCHÓD SKODA,Unii Lubelskiej 5 Poznań 61-249
61720,ŠKODA OCTAVIA COMBI,https://sklep.skoda-auto.pl/skoda-octavia-combi-1-5-tsi-110-kw-150-km-6-biegowa-manualna-blekit-lava-metalizowany-tmbjr7nx1my143149.html,https://sklep.skoda-auto.pl/media/catalog/product/cache/779e34063ea37c481ddb6652b1f2b61e/4/7/479181c5e9843a104b0e2f662ac2ed71-TMBJR7NX1MY143149-EF.png,OCTAVIA COMBI STYLE  Manualna  1.5 TSI 150 KM,Pojazdy i części,120700 PLN,OCTAVIA COMBI SAMOCHÓD SKODA,Unii Lubelskiej 5 Poznań 61-249
62736,ŠKODA OCTAVIA COMBI,https://sklep.skoda-auto.pl/skoda-octavia-combi-1-5-tsi-110-kw-150-km-6-biegowa-manualna-blekit-lava-metalizowany-tmbjr7nx2my175687.html,https://sklep.skoda-auto.pl/media/catalog/product/cache/779e34063ea37c481ddb6652b1f2b61e/4/7/479181c5e9843a104b0e2f662ac2ed71-TMBJR7NX2MY175687-EF.png,OCTAVIA COMBI STYLE  Manualna  1.5 TSI 150 KM,Pojazdy i części,120700 PLN,OCTAVIA COMBI SAMOCHÓD SKODA,Unii Lubelskiej 5 Poznań 61-249
62349,ŠKODA OCTAVIA COMBI,https://sklep.skoda-auto.pl/skoda-octavia-combi-1-5-tsi-110-kw-150-km-6-biegowa-manualna-blekit-lava-metalizowany-tmbjr7nx5my154431.html,https://sklep.skoda-auto.pl/media/catalog/product/cache/779e34063ea37c481ddb6652b1f2b61e/4/7/479181c5e9843a104b0e2f662ac2ed71-TMBJR7NX5MY154431-EF.png,OCTAVIA COMBI STYLE  Manualna  1.5 TSI 150 KM,Pojazdy i części,120700 PLN,OCTAVIA COMBI SAMOCHÓD SKODA,Unii Lubelskiej 5 Poznań 61-249
63062,ŠKODA OCTAVIA COMBI,https://sklep.skoda-auto.pl/skoda-octavia-combi-1-5-tsi-110-kw-150-km-6-biegowa-manualna-biel-moon-metalizowany-tmbjr7nx5ny007737.html,https://sklep.skoda-auto.pl/media/catalog/product/cache/779e34063ea37c481ddb6652b1f2b61e/0/2/02eac604193fec091e2a4345337ebc9c-TMBJR7NX5NY007737-EF.png,OCTAVIA COMBI STYLE  Manualna  1.5 TSI 150 KM,Pojazdy i części,124600 PLN,OCTAVIA COMBI SAMOCHÓD SKODA,Hutnicza 2 A Lubin 59-300
63205,ŠKODA OCTAVIA COMBI,https://sklep.skoda-auto.pl/skoda-octavia-combi-1-5-tsi-110-kw-150-km-6-biegowa-manualna-blekit-lava-metalizowany-tmbjr7nx2ny010305.html,https://sklep.skoda-auto.pl/media/catalog/product/cache/779e34063ea37c481ddb6652b1f2b61e/1/d/1d69269d77e8d752cb23e3313151db8c-TMBJR7NX2NY010305-EF.png,OCTAVIA COMBI STYLE  Manualna  1.5 TSI 150 KM,Pojazdy i części,125600 PLN,OCTAVIA COMBI SAMOCHÓD SKODA,Obornicka 249 Poznań 60-693
62799,ŠKODA OCTAVIA COMBI,https://sklep.skoda-auto.pl/skoda-octavia-combi-2-0-tdi-85-kw-115-km-6-biegowa-manualna-biel-moon-metalizowany-tmbjg7nxxmy183199.html,https://sklep.skoda-auto.pl/media/catalog/product/cache/779e34063ea37c481ddb6652b1f2b61e/6/d/6d92d951c12a2b7f0f63cfe83e38266f-TMBJG7NXXMY183199-EF.png,OCTAVIA COMBI AMBITION  Manualna  2.0 TDI 115 KM,Pojazdy i części,118750 PLN,OCTAVIA COMBI SAMOCHÓD SKODA,Piasecka 20 A Świdnik 21-040
63388,ŠKODA OCTAVIA COMBI,https://sklep.skoda-auto.pl/skoda-octavia-combi-2-0-tdi-110-kw-150-km-6-biegowa-manualna-czern-magic-metalizowany-tmbjj7nxxny011970.html,https://sklep.skoda-auto.pl/media/catalog/product/cache/779e34063ea37c481ddb6652b1f2b61e/d/8/d85c85715c113f8063b6ce8daa423372-TMBJJ7NXXNY011970-EF.png,OCTAVIA COMBI STYLE  Manualna  2.0 TDI 150 KM,Pojazdy i części,140200 PLN,OCTAVIA COMBI SAMOCHÓD SKODA,Jerozolimskie 249b Opacz Kolonia 05-816
62987,ŠKODA SUPERB,https://sklep.skoda-auto.pl/skoda-superb-1-5-tsi-110-kw-150-km-6-biegowa-manualna-blekit-energy-niemetalizowany-tmban7np3m7073770.html,https://sklep.skoda-auto.pl/media/catalog/product/cache/779e34063ea37c481ddb6652b1f2b61e/c/f/cf19d9dd6d5f71d61cf4649d8ee86c23-TMBAN7NP3M7073770-EF.png,SUPERB ACTIVE  Manualna  1.5 TSI 150 KM,Pojazdy i części,105050 PLN,SUPERB SAMOCHÓD SKODA,Jana Pawła II 127 Bydgoszcz 85-140
63653,ŠKODA SUPERB SPORTLINE,https://sklep.skoda-auto.pl/skoda-superb-sportline-2-0-tdi-147-kw-200-km-7-biegowa-automatyczna-dsg-szary-steel-niemetalizowany-tmbar7np8m7078953.html,https://sklep.skoda-auto.pl/media/catalog/product/cache/779e34063ea37c481ddb6652b1f2b61e/5/3/53e1289360ea27fa4334bb34609db81e-TMBAR7NP8M7078953-EF.png,SUPERB SPORTLINE SPORTLINE  Automatyczna  2.0 TDI 200 KM,Pojazdy i części,188700 PLN,SUPERB SPORTLINE SAMOCHÓD SKODA,Hutnicza 2 A Lubin 59-300
63309,ŠKODA KAMIQ,https://sklep.skoda-auto.pl/skoda-kamiq-1-0-tsi-81-kw-110-km-7-biegowa-dsg-biel-candy-niemetalizowany-tmbgr6nwxn3010383.html,https://sklep.skoda-auto.pl/media/catalog/product/cache/779e34063ea37c481ddb6652b1f2b61e/1/1/11733b653d54acaca88c76c778c5b4e9-TMBGR6NWXN3010383-EF.png,KAMIQ STYLE  Automatyczna  1.0 TSI 110 KM,Pojazdy i części,105600 PLN,KAMIQ SAMOCHÓD SKODA,Unii Lubelskiej 5 Poznań 61-249
